Entry Date,SPY 6M,RSP 6M,RSP Edge 6M,SPY 12M,RSP 12M,RSP Edge 12M,SPY 24M,RSP 24M,RSP Edge 24M
2008-01-02,-12.1%,-11.2%,+0.9%,-36.2%,-39.1%,-2.9%,-19.4%,-12.0%,+7.5%
2008-01-03,-11.9%,-11.3%,+0.6%,-34.3%,-36.8%,-2.5%,-18.0%,-10.1%,+7.9%
2008-01-04,-10.6%,-9.3%,+1.3%,-32.7%,-34.6%,-1.9%,-15.7%,-7.0%,+8.8%
2008-01-07,-9.0%,-7.4%,+1.6%,-32.2%,-33.2%,-1.0%,-15.6%,-6.9%,+8.7%
2008-01-08,-9.3%,-7.3%,+2.0%,-33.2%,-33.7%,-0.6%,-13.9%,-3.9%,+9.9%
2008-01-09,-9.8%,-8.3%,+1.6%,-33.6%,-33.9%,-0.3%,-14.5%,-4.6%,+9.9%
2008-01-10,-11.5%,-10.2%,+1.2%,-35.4%,-36.5%,-1.1%,-14.9%,-5.9%,+9.0%
2008-01-11,-11.6%,-10.6%,+0.9%,-36.5%,-37.8%,-1.3%,-15.0%,-5.7%,+9.4%
2008-01-14,-13.5%,-12.2%,+1.3%,-36.9%,-38.4%,-1.5%,-15.0%,-5.6%,+9.4%
2008-01-15,-9.4%,-6.7%,+2.7%,-37.5%,-39.1%,-1.7%,-12.8%,-3.0%,+9.8%
2008-01-17,-4.6%,-2.2%,+2.5%,-34.7%,-36.1%,-1.4%,-9.6%,-0.0%,+9.6%
2008-10-03,-23.1%,-23.9%,-0.8%,-3.3%,+5.5%,+8.8%,+10.0%,+26.2%,+16.2%
2008-10-07,-16.2%,-16.3%,-0.1%,+8.5%,+19.1%,+10.6%,+21.2%,+39.7%,+18.5%
2008-10-13,-14.6%,-12.4%,+2.2%,+8.8%,+20.5%,+11.7%,+21.7%,+41.6%,+19.9%
2008-10-14,-12.0%,-9.5%,+2.5%,+12.3%,+23.9%,+11.5%,+23.1%,+42.2%,+19.1%
2008-10-16,-9.7%,-7.7%,+2.0%,+19.1%,+31.2%,+12.1%,+32.0%,+52.1%,+20.2%
2008-10-17,-7.3%,-3.5%,+3.9%,+20.8%,+34.7%,+13.9%,+31.0%,+52.3%,+21.3%
2008-10-20,-13.1%,-8.9%,+4.3%,+13.4%,+26.0%,+12.6%,+24.8%,+44.9%,+20.1%
2008-10-21,-9.6%,-4.5%,+5.0%,+15.8%,+29.1%,+13.3%,+28.9%,+50.2%,+21.3%
2008-10-22,-2.9%,+4.4%,+7.4%,+23.7%,+39.8%,+16.1%,+36.6%,+61.1%,+24.5%
2008-10-23,-4.9%,+3.2%,+8.1%,+20.9%,+38.5%,+17.6%,+35.4%,+62.7%,+27.2%
2008-10-24,-0.2%,+7.1%,+7.2%,+26.0%,+42.5%,+16.4%,+42.7%,+69.2%,+26.5%
2008-10-27,+5.7%,+16.1%,+10.4%,+30.1%,+48.5%,+18.4%,+47.5%,+77.4%,+29.9%
2008-10-28,-5.3%,+4.2%,+9.5%,+14.2%,+29.0%,+14.7%,+32.1%,+58.4%,+26.2%
2008-10-29,-4.1%,+5.2%,+9.3%,+17.6%,+32.7%,+15.1%,+33.2%,+59.5%,+26.4%
2008-10-30,-4.2%,+6.5%,+10.7%,+10.3%,+24.6%,+14.3%,+28.8%,+54.2%,+25.4%
2008-10-31,-5.0%,+4.2%,+9.2%,+10.5%,+22.8%,+12.2%,+29.1%,+52.5%,+23.4%
2008-11-03,-3.7%,+6.4%,+10.1%,+10.6%,+24.1%,+13.5%,+29.2%,+53.1%,+23.9%
2008-11-04,-8.1%,+0.1%,+8.2%,+7.2%,+19.2%,+12.0%,+27.4%,+50.3%,+22.9%
2008-11-05,-1.9%,+10.1%,+12.0%,+14.0%,+28.8%,+14.8%,+33.5%,+59.7%,+26.2%
2008-11-06,+2.0%,+12.8%,+10.8%,+21.0%,+36.0%,+15.1%,+41.0%,+68.2%,+27.2%
2008-11-07,-1.6%,+8.0%,+9.6%,+19.8%,+35.8%,+16.0%,+35.6%,+62.0%,+26.4%
2008-11-10,-2.8%,+5.2%,+8.0%,+21.4%,+37.8%,+16.4%,+37.9%,+65.7%,+27.8%
2008-11-11,+1.2%,+10.6%,+9.4%,+25.9%,+43.0%,+17.1%,+41.8%,+70.9%,+29.1%
2008-11-12,+5.0%,+14.8%,+9.9%,+30.3%,+48.8%,+18.4%,+46.5%,+77.6%,+31.0%
2008-11-13,+1.6%,+12.0%,+10.4%,+23.4%,+40.1%,+16.7%,+37.7%,+65.9%,+28.2%
2008-11-14,+6.8%,+17.7%,+10.8%,+31.7%,+49.2%,+17.5%,+42.7%,+70.9%,+28.2%
2008-11-17,+7.5%,+20.4%,+12.9%,+33.6%,+53.8%,+20.2%,+44.7%,+76.6%,+31.8%
2008-11-18,+4.0%,+18.3%,+14.3%,+31.1%,+53.7%,+22.6%,+44.1%,+79.4%,+35.3%
2008-11-19,+10.9%,+26.2%,+15.3%,+38.2%,+61.8%,+23.5%,+54.4%,+92.8%,+38.4%
2008-11-20,+22.9%,+39.7%,+16.9%,+48.8%,+72.7%,+23.9%,+66.7%,+107.2%,+40.5%
2008-11-21,+14.5%,+29.6%,+15.1%,+43.0%,+65.3%,+22.3%,+55.8%,+93.4%,+37.6%
2008-11-24,+8.6%,+22.6%,+14.1%,+33.9%,+54.1%,+20.2%,+47.9%,+83.5%,+35.6%
2008-11-25,+9.7%,+23.5%,+13.8%,+33.4%,+53.2%,+19.8%,+45.1%,+79.5%,+34.4%
2008-11-26,+8.2%,+22.3%,+14.2%,+26.3%,+43.5%,+17.1%,+40.1%,+71.2%,+31.1%
2008-11-28,+6.9%,+21.1%,+14.2%,+25.2%,+42.5%,+17.3%,+37.6%,+68.8%,+31.1%
2008-12-01,+15.8%,+30.2%,+14.4%,+39.1%,+58.7%,+19.6%,+54.2%,+89.7%,+35.6%
2008-12-02,+12.6%,+28.1%,+15.5%,+33.9%,+53.8%,+20.0%,+50.4%,+85.5%,+35.1%
2008-12-03,+9.9%,+24.6%,+14.7%,+29.7%,+48.2%,+18.5%,+47.2%,+81.3%,+34.0%
2008-12-04,+12.1%,+27.1%,+15.0%,+33.5%,+54.5%,+21.0%,+50.6%,+87.0%,+36.4%
2008-12-05,+9.3%,+23.6%,+14.3%,+29.3%,+48.7%,+19.4%,+46.1%,+80.1%,+34.0%
2008-12-08,+5.3%,+20.6%,+15.2%,+23.6%,+42.3%,+18.7%,+41.7%,+74.2%,+32.5%
2008-12-09,+7.6%,+20.9%,+13.3%,+26.1%,+44.3%,+18.2%,+44.7%,+77.2%,+32.5%
2008-12-10,+7.1%,+19.3%,+12.2%,+26.0%,+43.6%,+17.6%,+44.5%,+76.1%,+31.6%
2008-12-11,+7.3%,+19.0%,+11.7%,+29.6%,+48.4%,+18.7%,+48.2%,+80.7%,+32.5%
2008-12-12,+4.6%,+16.1%,+11.5%,+29.0%,+49.1%,+20.1%,+46.6%,+79.3%,+32.7%
2008-12-15,+5.9%,+17.7%,+11.7%,+30.2%,+51.3%,+21.1%,+48.0%,+81.9%,+34.0%
2008-12-23,+8.2%,+19.4%,+11.2%,+32.9%,+55.2%,+22.2%,+52.1%,+86.6%,+34.6%
2008-12-24,+7.3%,+18.3%,+11.0%,+32.8%,+55.0%,+22.2%,+51.3%,+85.7%,+34.4%
2008-12-29,+7.2%,+18.4%,+11.2%,+32.5%,+54.5%,+22.0%,+51.1%,+85.6%,+34.4%
2011-09-21,+20.6%,+20.7%,+0.0%,+27.8%,+25.5%,-2.3%,+51.7%,+57.9%,+6.2%
2011-09-22,+25.1%,+25.3%,+0.3%,+32.0%,+29.8%,-2.3%,+56.3%,+62.9%,+6.6%
2011-09-23,+26.1%,+26.0%,-0.0%,+31.0%,+28.4%,-2.6%,+56.0%,+62.3%,+6.4%
2011-09-28,+23.1%,+23.4%,+0.3%,+28.3%,+25.9%,-2.4%,+53.5%,+60.6%,+7.1%
2011-09-29,+22.6%,+22.7%,+0.1%,+26.7%,+24.4%,-2.3%,+52.2%,+59.2%,+7.0%
2011-09-30,+26.7%,+27.2%,+0.5%,+30.3%,+28.2%,-2.1%,+54.6%,+62.3%,+7.7%
2011-10-03,+29.9%,+31.6%,+1.7%,+34.3%,+33.3%,-0.9%,+60.4%,+69.8%,+9.4%
2011-10-04,+25.8%,+26.3%,+0.5%,+31.9%,+29.8%,-2.1%,+55.6%,+63.5%,+7.9%
2011-10-05,+23.5%,+23.2%,-0.3%,+30.4%,+28.1%,-2.4%,+51.0%,+57.8%,+6.8%
2011-10-07,+18.7%,+18.0%,-0.7%,+28.6%,+26.4%,-2.2%,+52.6%,+59.5%,+6.9%
2011-10-17,+16.5%,+16.3%,-0.2%,+23.6%,+22.0%,-1.7%,+51.4%,+58.0%,+6.6%
2012-06-13,+9.1%,+11.8%,+2.7%,+27.3%,+33.4%,+6.1%,+53.8%,+64.5%,+10.6%
2012-06-14,+7.6%,+10.5%,+2.9%,+26.9%,+33.1%,+6.2%,+53.3%,+64.1%,+10.7%
2012-06-25,+9.3%,+12.6%,+3.3%,+25.4%,+31.9%,+6.5%,+55.4%,+66.6%,+11.2%
2012-07-12,+11.5%,+15.3%,+3.8%,+28.3%,+35.0%,+6.8%,+54.6%,+64.4%,+9.8%
2012-07-13,+9.7%,+14.0%,+4.3%,+26.5%,+33.2%,+6.8%,+50.3%,+59.8%,+9.5%
2012-07-16,+9.9%,+14.2%,+4.3%,+27.5%,+34.7%,+7.3%,+52.2%,+62.0%,+9.8%
2012-07-17,+9.9%,+14.4%,+4.5%,+26.8%,+34.0%,+7.2%,+50.9%,+60.5%,+9.6%
2012-07-18,+9.3%,+13.8%,+4.4%,+26.1%,+33.2%,+7.0%,+50.4%,+59.8%,+9.4%
2012-07-19,+9.6%,+14.2%,+4.6%,+25.6%,+32.4%,+6.9%,+50.3%,+59.4%,+9.0%
2012-07-20,+10.8%,+15.4%,+4.6%,+26.2%,+32.9%,+6.7%,+51.7%,+61.5%,+9.7%
2012-07-23,+12.0%,+17.3%,+5.3%,+27.8%,+35.3%,+7.4%,+52.6%,+62.7%,+10.1%
2012-07-24,+13.6%,+19.5%,+5.9%,+29.1%,+36.7%,+7.6%,+54.0%,+64.5%,+10.6%
2012-07-25,+13.4%,+19.1%,+5.7%,+28.7%,+36.2%,+7.5%,+53.3%,+63.7%,+10.4%
2012-07-26,+12.0%,+17.4%,+5.4%,+26.6%,+34.1%,+7.5%,+50.8%,+60.9%,+10.1%
2012-07-27,+9.6%,+14.7%,+5.1%,+24.4%,+31.6%,+7.2%,+45.1%,+54.6%,+9.4%
2012-07-30,+9.3%,+14.8%,+5.5%,+25.8%,+33.7%,+7.9%,+44.7%,+54.4%,+9.7%
2012-07-31,+11.2%,+16.6%,+5.5%,+26.9%,+34.9%,+7.9%,+46.8%,+56.6%,+9.8%
2012-08-01,+10.0%,+15.9%,+5.9%,+26.8%,+35.2%,+8.4%,+45.5%,+55.7%,+10.2%
2012-08-02,+11.9%,+17.8%,+5.9%,+27.0%,+35.4%,+8.5%,+46.5%,+56.9%,+10.4%
2012-08-03,+9.8%,+15.8%,+5.9%,+24.1%,+32.0%,+7.9%,+42.9%,+52.8%,+9.9%
2012-08-06,+9.5%,+15.0%,+5.5%,+24.3%,+32.1%,+7.8%,+44.3%,+54.1%,+9.9%
2014-09-22,+5.9%,+7.1%,+1.2%,-0.7%,-1.4%,-0.7%,+12.9%,+11.6%,-1.3%
2014-09-23,+5.0%,+6.4%,+1.5%,-0.3%,-1.1%,-0.8%,+14.3%,+13.3%,-1.0%
2014-09-24,+3.9%,+5.3%,+1.4%,-1.4%,-2.2%,-0.9%,+12.8%,+11.8%,-1.0%
2014-09-26,+6.3%,+7.9%,+1.6%,-3.1%,-4.1%,-1.0%,+13.5%,+12.4%,-1.2%
2014-09-29,+5.5%,+7.3%,+1.8%,-2.8%,-3.9%,-1.0%,+14.3%,+13.4%,-0.9%
2014-09-30,+5.5%,+7.5%,+2.1%,-0.8%,-1.4%,-0.6%,+13.6%,+12.9%,-0.6%
2014-10-01,+7.3%,+9.5%,+2.2%,+0.9%,-0.2%,-1.1%,+16.0%,+15.4%,-0.6%
2014-10-02,+8.0%,+10.2%,+2.2%,+2.3%,+1.3%,-1.0%,+15.7%,+14.8%,-0.9%
2014-10-03,+6.5%,+8.7%,+2.2%,+3.0%,+2.4%,-0.7%,+13.8%,+13.0%,-0.9%
2014-10-06,+7.0%,+9.3%,+2.2%,+2.8%,+2.2%,-0.6%,+14.5%,+13.8%,-0.7%
2014-10-07,+9.2%,+11.5%,+2.3%,+5.3%,+5.0%,-0.3%,+16.4%,+15.7%,-0.6%
2014-10-08,+7.9%,+10.0%,+2.1%,+4.4%,+4.5%,+0.1%,+14.0%,+13.2%,-0.7%
2014-10-09,+9.6%,+11.9%,+2.3%,+6.6%,+6.9%,+0.3%,+16.9%,+16.3%,-0.6%
2014-10-10,+11.0%,+13.6%,+2.5%,+7.9%,+8.0%,+0.1%,+16.7%,+16.0%,-0.7%
2014-10-13,+13.4%,+16.3%,+2.9%,+9.0%,+9.0%,-0.0%,+18.8%,+18.2%,-0.7%
2014-10-14,+13.2%,+15.4%,+2.2%,+8.3%,+8.0%,-0.3%,+18.3%,+17.1%,-1.2%
2015-07-15,-9.3%,-12.4%,-3.1%,+4.8%,+4.4%,-0.4%,+21.5%,+19.2%,-2.4%
2015-07-16,-8.6%,-11.8%,-3.2%,+3.9%,+3.7%,-0.1%,+20.6%,+18.6%,-2.0%
2015-07-17,-10.6%,-13.0%,-2.4%,+4.1%,+4.4%,+0.4%,+20.5%,+18.9%,-1.6%
2015-07-20,-10.5%,-13.1%,-2.6%,+3.9%,+4.4%,+0.5%,+21.1%,+20.0%,-1.1%
2015-07-21,-11.3%,-13.7%,-2.4%,+4.7%,+5.3%,+0.5%,+21.6%,+20.4%,-1.2%
2015-07-22,-10.7%,-12.9%,-2.2%,+4.5%,+4.9%,+0.3%,+21.8%,+20.4%,-1.4%
2015-07-23,-8.3%,-10.8%,-2.5%,+5.6%,+6.0%,+0.4%,+22.4%,+20.9%,-1.5%
2015-07-24,-8.8%,-11.5%,-2.7%,+6.4%,+7.0%,+0.5%,+24.0%,+22.7%,-1.3%
2015-07-27,-7.0%,-9.3%,-2.3%,+7.1%,+8.1%,+1.0%,+24.7%,+23.2%,-1.5%
2015-07-28,-9.1%,-11.1%,-2.0%,+5.7%,+6.2%,+0.5%,+23.1%,+21.6%,-1.5%
2015-07-29,-9.3%,-11.8%,-2.6%,+5.1%,+5.5%,+0.4%,+22.1%,+20.4%,-1.7%
2015-07-30,-7.1%,-9.4%,-2.3%,+5.2%,+5.6%,+0.3%,+22.0%,+20.3%,-1.7%
2015-07-31,-7.0%,-9.4%,-2.4%,+5.3%,+5.2%,-0.1%,+22.5%,+20.4%,-2.1%
2015-08-03,-8.3%,-11.0%,-2.6%,+5.0%,+4.5%,-0.5%,+23.0%,+20.5%,-2.5%
2015-08-04,-7.6%,-10.0%,-2.4%,+5.5%,+5.2%,-0.3%,+23.0%,+20.3%,-2.6%
2015-08-05,-7.8%,-9.8%,-2.0%,+5.3%,+4.9%,-0.4%,+22.8%,+20.1%,-2.7%
2015-08-06,-8.8%,-10.7%,-1.9%,+7.0%,+6.5%,-0.5%,+24.0%,+21.0%,-3.0%
2015-09-28,+10.8%,+10.2%,-0.6%,+17.1%,+17.2%,+0.1%,+38.6%,+36.1%,-2.5%
2015-10-01,+8.5%,+7.7%,-0.8%,+15.0%,+15.7%,+0.7%,+36.9%,+34.5%,-2.3%
2015-10-16,+4.4%,+4.1%,-0.3%,+6.7%,+6.4%,-0.3%,+31.0%,+27.9%,-3.1%
2015-10-19,+4.5%,+4.4%,-0.0%,+7.3%,+7.3%,-0.0%,+31.0%,+28.2%,-2.8%
2015-10-21,+4.7%,+5.1%,+0.4%,+8.2%,+8.3%,+0.1%,+32.8%,+30.1%,-2.7%
2015-10-22,+2.8%,+3.0%,+0.3%,+6.5%,+6.6%,+0.1%,+30.0%,+27.6%,-2.4%
2015-10-23,+1.8%,+3.3%,+1.5%,+5.8%,+6.5%,+0.7%,+28.9%,+27.3%,-1.6%
2015-10-26,+2.3%,+4.4%,+2.1%,+5.7%,+6.3%,+0.6%,+28.5%,+26.9%,-1.6%
2015-10-27,+1.5%,+3.7%,+2.1%,+5.7%,+6.8%,+1.1%,+28.9%,+27.8%,-1.2%
2015-10-28,-0.2%,+1.8%,+2.0%,+4.2%,+4.9%,+0.7%,+28.5%,+26.5%,-2.1%
2015-10-29,+0.7%,+2.6%,+1.9%,+4.0%,+5.0%,+1.1%,+28.1%,+26.0%,-2.1%
2015-10-30,+0.3%,+1.4%,+1.2%,+4.4%,+5.2%,+0.8%,+28.9%,+26.3%,-2.6%
2015-11-02,-1.5%,-0.5%,+1.0%,+2.5%,+3.0%,+0.6%,+27.6%,+24.7%,-2.8%
2015-11-03,-1.8%,-0.7%,+1.1%,+1.5%,+2.1%,+0.6%,+27.2%,+24.5%,-2.7%
2015-11-04,-1.1%,-0.0%,+1.1%,+1.4%,+2.1%,+0.8%,+28.0%,+25.1%,-3.0%
2015-11-05,-0.9%,+0.1%,+1.0%,+1.4%,+2.3%,+0.9%,+28.4%,+25.8%,-2.6%
2015-11-06,+0.3%,+1.5%,+1.1%,+3.7%,+4.7%,+1.0%,+28.4%,+25.8%,-2.5%
2015-11-09,+0.3%,+1.4%,+1.1%,+5.1%,+6.1%,+1.0%,+29.8%,+27.2%,-2.6%
2015-11-10,+0.1%,+1.1%,+0.9%,+6.0%,+7.0%,+1.0%,+29.0%,+26.4%,-2.6%
2015-11-11,-0.3%,+0.7%,+1.0%,+6.7%,+8.5%,+1.8%,+29.5%,+27.3%,-2.2%
2015-11-12,+2.1%,+3.3%,+1.2%,+7.9%,+10.1%,+2.2%,+31.4%,+29.4%,-2.0%
2015-11-13,+2.3%,+3.7%,+1.4%,+9.2%,+12.3%,+3.0%,+32.6%,+30.8%,-1.8%
2015-11-16,+0.8%,+1.9%,+1.1%,+8.4%,+11.3%,+2.9%,+30.0%,+28.1%,-1.9%
2015-11-17,+0.5%,+1.8%,+1.3%,+8.3%,+11.1%,+2.8%,+31.2%,+29.5%,-1.7%
2015-11-18,-0.5%,+0.9%,+1.4%,+7.2%,+9.9%,+2.8%,+28.8%,+27.7%,-1.1%
2015-11-19,-0.5%,+1.0%,+1.5%,+7.0%,+9.8%,+2.8%,+29.1%,+28.0%,-1.1%
2015-11-20,+0.4%,+1.9%,+1.5%,+7.4%,+10.3%,+2.8%,+29.5%,+28.0%,-1.5%
2015-11-23,+1.2%,+2.7%,+1.5%,+7.8%,+10.6%,+2.8%,+29.5%,+27.9%,-1.5%
2015-11-24,+1.1%,+2.3%,+1.2%,+7.7%,+10.5%,+2.8%,+29.6%,+27.6%,-2.0%
2015-11-25,+1.6%,+2.8%,+1.3%,+8.1%,+10.8%,+2.7%,+29.6%,+27.4%,-2.2%
2015-11-27,+1.2%,+2.9%,+1.6%,+7.5%,+10.1%,+2.6%,+30.7%,+28.9%,-1.9%
2015-12-02,+2.0%,+3.8%,+1.8%,+7.6%,+10.5%,+3.0%,+32.2%,+31.0%,-1.2%
2015-12-03,+3.9%,+6.0%,+2.1%,+9.1%,+12.2%,+3.0%,+33.9%,+33.2%,-0.7%
2015-12-04,+2.1%,+4.7%,+2.6%,+7.7%,+11.2%,+3.5%,+30.9%,+30.2%,-0.6%
2015-12-07,+3.1%,+5.9%,+2.8%,+8.7%,+12.7%,+4.0%,+31.7%,+31.1%,-0.6%
2015-12-08,+3.6%,+6.4%,+2.7%,+10.9%,+15.1%,+4.3%,+33.0%,+32.6%,-0.4%
2015-12-09,+3.4%,+5.7%,+2.2%,+12.0%,+16.4%,+4.4%,+34.8%,+34.3%,-0.4%
2015-12-10,+2.4%,+4.6%,+2.2%,+12.4%,+16.6%,+4.2%,+34.8%,+34.3%,-0.6%
2015-12-11,+4.2%,+6.3%,+2.1%,+14.5%,+18.3%,+3.8%,+37.7%,+36.9%,-0.8%
2015-12-14,+3.5%,+6.2%,+2.7%,+14.7%,+18.6%,+3.9%,+37.0%,+36.6%,-0.4%
2015-12-15,+2.8%,+5.2%,+2.4%,+12.5%,+16.1%,+3.6%,+35.0%,+34.4%,-0.6%
2015-12-16,+0.9%,+3.9%,+3.0%,+11.4%,+14.9%,+3.5%,+34.2%,+33.7%,-0.5%
2015-12-17,+3.1%,+6.6%,+3.4%,+12.9%,+16.6%,+3.7%,+37.1%,+37.0%,-0.1%
2015-12-18,+5.3%,+8.3%,+3.0%,+15.2%,+18.5%,+3.4%,+39.1%,+38.7%,-0.4%
2015-12-21,+4.3%,+7.3%,+3.1%,+14.7%,+18.0%,+3.3%,+37.9%,+37.6%,-0.3%
2015-12-22,+4.7%,+7.7%,+3.0%,+13.3%,+16.4%,+3.1%,+36.9%,+36.4%,-0.6%
2015-12-28,+0.0%,+1.5%,+1.5%,+12.6%,+15.4%,+2.7%,+35.7%,+35.2%,-0.5%
2015-12-29,+0.7%,+2.4%,+1.7%,+10.5%,+13.0%,+2.5%,+34.5%,+34.1%,-0.4%
2015-12-30,+2.8%,+4.8%,+2.0%,+11.3%,+14.0%,+2.7%,+34.9%,+34.7%,-0.3%
2016-01-11,+13.1%,+16.4%,+3.3%,+20.4%,+23.9%,+3.5%,+48.6%,+48.1%,-0.5%
2016-01-12,+12.1%,+15.7%,+3.6%,+19.8%,+23.6%,+3.8%,+48.5%,+48.8%,+0.3%
2016-01-13,+15.6%,+19.2%,+3.6%,+22.5%,+26.6%,+4.1%,+53.3%,+53.6%,+0.3%
2016-01-14,+13.6%,+17.5%,+3.9%,+20.8%,+25.2%,+4.3%,+50.3%,+50.5%,+0.2%
2016-01-15,+16.4%,+20.1%,+3.6%,+23.1%,+27.3%,+4.2%,+55.0%,+54.7%,-0.3%
2016-01-19,+16.2%,+20.1%,+3.9%,+23.2%,+28.0%,+4.9%,+54.6%,+54.7%,+0.2%
2016-01-20,+18.1%,+22.0%,+3.8%,+24.3%,+28.7%,+4.4%,+57.3%,+57.4%,+0.1%
2016-01-21,+17.0%,+20.4%,+3.4%,+24.1%,+28.1%,+4.0%,+57.7%,+57.1%,-0.6%
2016-01-22,+15.2%,+18.9%,+3.6%,+21.3%,+25.2%,+4.0%,+54.8%,+54.5%,-0.3%
2016-01-25,+16.7%,+20.9%,+4.2%,+23.9%,+28.9%,+5.0%,+57.2%,+57.6%,+0.4%
2016-01-28,+15.8%,+19.7%,+3.8%,+23.7%,+27.7%,+4.0%,+56.8%,+56.0%,-0.8%
2017-03-09,+5.2%,+3.7%,-1.5%,+20.0%,+16.6%,-3.4%,+22.6%,+18.4%,-4.2%
2017-03-10,+4.7%,+3.4%,-1.3%,+19.5%,+16.0%,-3.4%,+23.0%,+18.7%,-4.3%
2017-03-14,+6.5%,+5.2%,-1.4%,+18.5%,+15.2%,-3.3%,+23.9%,+19.2%,-4.7%
2017-05-01,+9.0%,+6.8%,-2.2%,+13.1%,+11.1%,-2.0%,+26.7%,+21.5%,-5.3%
2017-05-03,+8.9%,+6.8%,-2.1%,+12.2%,+10.1%,-2.1%,+27.6%,+22.2%,-5.3%
2017-05-04,+8.9%,+6.7%,-2.2%,+13.5%,+11.2%,-2.3%,+25.3%,+20.2%,-5.1%
2017-05-08,+8.9%,+6.4%,-2.5%,+13.5%,+10.9%,-2.6%,+24.3%,+19.3%,-4.9%
2017-05-09,+9.2%,+6.9%,-2.3%,+14.7%,+11.8%,-2.9%,+25.0%,+19.9%,-5.1%
2017-05-11,+9.3%,+6.9%,-2.4%,+16.2%,+13.0%,-3.2%,+23.0%,+18.1%,-4.9%
2017-05-12,+9.1%,+7.1%,-2.0%,+16.4%,+13.5%,-2.9%,+23.9%,+19.0%,-4.9%
2017-05-15,+8.5%,+6.5%,-2.0%,+15.0%,+12.3%,-2.7%,+24.4%,+19.1%,-5.3%
2017-05-16,+8.7%,+7.0%,-1.7%,+15.6%,+13.2%,-2.4%,+23.7%,+18.6%,-5.0%
2017-05-17,+10.4%,+8.6%,-1.8%,+17.5%,+15.1%,-2.4%,+25.1%,+19.7%,-5.4%
2017-05-18,+9.4%,+7.7%,-1.6%,+16.8%,+14.6%,-2.2%,+25.7%,+20.8%,-5.0%
2017-05-19,+9.6%,+7.8%,-1.8%,+16.9%,+14.4%,-2.5%,+24.5%,+19.2%,-5.3%
2017-05-22,+8.7%,+7.4%,-1.3%,+16.0%,+13.4%,-2.6%,+22.4%,+17.1%,-5.3%
2017-05-23,+8.7%,+7.6%,-1.1%,+16.1%,+13.6%,-2.4%,+22.4%,+17.3%,-5.1%
2017-05-24,+9.1%,+7.7%,-1.4%,+15.5%,+13.3%,-2.2%,+21.0%,+15.7%,-5.2%
2017-05-25,+8.5%,+7.3%,-1.3%,+14.7%,+12.6%,-2.1%,+19.6%,+14.5%,-5.1%
2017-05-26,+8.8%,+7.3%,-1.4%,+13.4%,+11.5%,-2.0%,+19.9%,+14.7%,-5.2%
2017-05-30,+8.8%,+7.4%,-1.4%,+15.0%,+13.2%,-1.9%,+18.4%,+13.6%,-4.8%
2017-05-31,+9.9%,+8.6%,-1.4%,+14.4%,+12.0%,-2.3%,+18.1%,+14.1%,-4.0%
2017-06-02,+9.6%,+8.6%,-1.0%,+14.7%,+12.1%,-2.7%,+20.4%,+16.3%,-4.1%
2017-06-05,+9.5%,+8.6%,-0.8%,+14.9%,+12.5%,-2.4%,+21.3%,+17.1%,-4.2%
2017-06-06,+9.7%,+9.3%,-0.4%,+16.2%,+13.8%,-2.4%,+22.9%,+18.3%,-4.5%
2017-06-07,+9.1%,+8.5%,-0.6%,+16.0%,+13.8%,-2.2%,+23.2%,+18.6%,-4.6%
2017-06-08,+9.0%,+8.2%,-0.8%,+16.3%,+14.2%,-2.1%,+23.1%,+18.4%,-4.7%
2017-06-21,+11.1%,+10.0%,-1.1%,+15.0%,+13.3%,-1.7%,+25.6%,+20.0%,-5.5%
2017-06-22,+11.1%,+10.0%,-1.1%,+15.3%,+13.6%,-1.7%,+24.4%,+19.3%,-5.1%
2017-08-02,+14.9%,+13.0%,-2.0%,+16.3%,+13.4%,-2.8%,+19.2%,+14.2%,-5.0%
2017-08-03,+12.7%,+10.9%,-1.7%,+17.0%,+14.3%,-2.7%,+21.1%,+15.8%,-5.3%
2017-08-04,+7.8%,+6.7%,-1.1%,+17.2%,+14.4%,-2.8%,+20.9%,+15.7%,-5.2%
2017-08-07,+9.7%,+8.0%,-1.7%,+17.4%,+14.5%,-2.9%,+23.1%,+17.7%,-5.4%
2017-08-08,+9.3%,+8.0%,-1.4%,+17.6%,+14.6%,-3.0%,+22.5%,+16.9%,-5.6%
2017-08-09,+5.3%,+4.3%,-0.9%,+17.5%,+14.6%,-2.8%,+21.0%,+15.6%,-5.5%
2017-08-10,+8.4%,+7.3%,-1.1%,+18.3%,+15.5%,-2.8%,+24.7%,+18.8%,-5.9%
2017-08-11,+9.8%,+8.6%,-1.2%,+17.7%,+14.9%,-2.8%,+20.8%,+15.1%,-5.7%
2017-08-14,+9.0%,+7.9%,-1.1%,+17.3%,+14.8%,-2.5%,+19.9%,+14.1%,-5.9%
2017-08-15,+10.5%,+9.7%,-0.8%,+16.4%,+14.2%,-2.2%,+21.7%,+16.1%,-5.6%
2017-08-16,+11.7%,+10.5%,-1.1%,+17.2%,+14.8%,-2.4%,+23.0%,+17.2%,-5.8%
2017-08-17,+13.5%,+12.3%,-1.2%,+19.5%,+17.2%,-2.2%,+24.0%,+18.0%,-5.9%
2017-08-18,+13.0%,+11.9%,-1.1%,+19.9%,+18.1%,-1.8%,+25.2%,+19.3%,-5.9%
2017-08-21,+12.3%,+11.1%,-1.2%,+20.1%,+18.2%,-1.8%,+25.0%,+19.2%,-5.8%
2017-08-22,+11.3%,+10.1%,-1.2%,+18.8%,+16.9%,-1.9%,+20.6%,+14.9%,-5.6%
2017-08-23,+13.5%,+12.1%,-1.4%,+19.0%,+16.9%,-2.1%,+22.3%,+16.3%,-6.1%
2017-08-24,+15.0%,+13.1%,-2.0%,+20.0%,+17.7%,-2.3%,+22.1%,+15.8%,-6.4%
2017-08-25,+13.3%,+11.2%,-2.1%,+20.7%,+18.0%,-2.7%,+22.7%,+16.4%,-6.4%
2017-08-28,+12.2%,+10.2%,-2.0%,+20.8%,+18.2%,-2.5%,+24.3%,+18.1%,-6.2%
2017-08-29,+10.4%,+9.1%,-1.3%,+21.3%,+18.8%,-2.5%,+24.1%,+18.2%,-5.8%
2017-08-30,+10.5%,+9.3%,-1.2%,+20.2%,+17.5%,-2.7%,+22.8%,+17.0%,-5.8%
2017-08-31,+11.1%,+10.0%,-1.1%,+19.5%,+16.9%,-2.6%,+23.4%,+17.7%,-5.7%
2017-11-02,+4.6%,+4.4%,-0.1%,+7.5%,+5.5%,-2.0%,+23.8%,+19.7%,-4.1%
2017-11-03,+4.2%,+4.2%,-0.0%,+7.7%,+6.1%,-1.6%,+23.4%,+19.4%,-4.0%
2018-02-26,+4.3%,+4.1%,-0.3%,+2.4%,+2.9%,+0.5%,+11.2%,+5.0%,-6.1%
2018-02-27,+6.5%,+6.1%,-0.4%,+3.5%,+4.0%,+0.5%,+12.1%,+5.3%,-6.8%
2018-02-28,+7.6%,+7.3%,-0.3%,+5.2%,+5.8%,+0.6%,+18.1%,+10.5%,-7.6%
2018-03-01,+9.8%,+8.9%,-0.9%,+6.4%,+6.5%,+0.1%,+16.4%,+8.9%,-7.5%
2018-07-17,-6.0%,-6.6%,-0.6%,+8.7%,+6.5%,-2.1%,+19.3%,+5.9%,-13.4%
2018-07-18,-5.5%,-5.9%,-0.4%,+7.8%,+5.8%,-2.0%,+20.0%,+5.1%,-14.9%
2018-07-23,-5.0%,-5.5%,-0.5%,+9.7%,+7.9%,-1.8%,+19.9%,+7.2%,-12.7%
2018-07-24,-5.4%,-5.0%,+0.4%,+8.6%,+7.2%,-1.4%,+18.5%,+6.4%,-12.1%
2018-07-25,-5.4%,-4.9%,+0.6%,+8.4%,+6.8%,-1.6%,+18.4%,+5.9%,-12.4%
2018-08-01,-2.8%,-2.6%,+0.3%,+6.2%,+4.0%,-2.2%,+21.8%,+7.1%,-14.7%
2018-08-02,-2.7%,-2.4%,+0.3%,+2.5%,+0.7%,-1.8%,+21.6%,+7.2%,-14.4%
2018-08-03,-2.7%,-2.6%,+0.1%,+3.5%,+1.3%,-2.2%,+21.8%,+7.5%,-14.3%
2018-08-06,-3.2%,-2.9%,+0.3%,+3.2%,+1.2%,-2.0%,+22.2%,+7.1%,-15.0%
2018-08-07,-4.4%,-3.8%,+0.7%,+4.8%,+2.8%,-2.1%,+21.9%,+8.0%,-13.8%
2018-08-08,-4.3%,-3.4%,+0.9%,+4.2%,+2.0%,-2.1%,+22.3%,+9.3%,-12.9%
2018-08-09,-4.1%,-3.0%,+1.1%,+3.1%,+0.8%,-2.2%,+21.4%,+9.4%,-12.1%
2018-08-10,-2.2%,-1.2%,+1.0%,+5.4%,+2.8%,-2.5%,+24.0%,+10.7%,-13.2%
2018-08-13,-1.5%,-0.2%,+1.3%,+2.6%,+0.2%,-2.4%,+24.2%,+10.8%,-13.4%
2018-08-14,-2.3%,-1.3%,+1.1%,+2.2%,-0.6%,-2.9%,+23.4%,+10.2%,-13.2%
2018-08-15,-0.5%,+0.5%,+1.0%,+4.5%,+1.7%,-2.9%,+24.7%,+11.0%,-13.8%
2018-08-16,-1.2%,-0.1%,+1.1%,+4.9%,+2.0%,-2.9%,+24.0%,+9.4%,-14.6%
2018-08-27,-2.8%,-2.0%,+0.9%,+1.7%,-1.4%,-3.0%,+25.0%,+8.4%,-16.6%
2018-08-28,-2.3%,-1.4%,+0.9%,+2.9%,-0.1%,-3.0%,+25.8%,+9.2%,-16.6%
2018-08-29,-3.1%,-2.2%,+0.9%,+2.3%,-0.5%,-2.8%,+24.7%,+7.9%,-16.8%
2018-08-30,-2.9%,-1.9%,+1.0%,+2.1%,-0.4%,-2.5%,+26.3%,+9.1%,-17.2%
2018-08-31,-3.5%,-2.8%,+0.7%,+3.3%,+0.7%,-2.5%,+28.2%,+11.0%,-17.2%
2018-09-04,-4.1%,-3.5%,+0.7%,+4.8%,+2.3%,-2.5%,+24.0%,+8.6%,-15.4%
2018-09-24,-2.9%,-2.8%,+0.1%,+4.3%,+2.8%,-1.5%,+15.6%,+2.0%,-13.6%
2018-09-25,-2.5%,-2.0%,+0.5%,+4.2%,+2.9%,-1.3%,+17.5%,+3.7%,-13.8%
2018-09-26,-1.6%,-1.0%,+0.5%,+3.9%,+2.9%,-1.0%,+19.9%,+6.1%,-13.7%
2018-09-27,-0.7%,+0.2%,+0.9%,+4.1%,+3.4%,-0.7%,+18.9%,+5.2%,-13.6%
2018-09-28,-0.6%,+0.0%,+0.6%,+2.9%,+1.6%,-1.2%,+19.8%,+5.6%,-14.2%
2018-10-01,-0.8%,+0.3%,+1.1%,+0.7%,-0.3%,-1.0%,+20.1%,+6.0%,-14.1%
2018-10-02,-0.5%,+0.8%,+1.2%,+1.6%,+0.6%,-1.0%,+19.0%,+6.6%,-12.4%
2018-10-03,-0.1%,+1.4%,+1.5%,+2.9%,+1.7%,-1.2%,+21.1%,+8.5%,-12.6%
2018-10-04,+0.8%,+2.2%,+1.4%,+3.3%,+1.8%,-1.4%,+20.3%,+8.1%,-12.2%
2018-10-05,+0.8%,+1.9%,+1.0%,+2.2%,+0.6%,-1.7%,+23.1%,+10.6%,-12.5%
2018-10-08,+1.2%,+2.2%,+1.1%,+3.2%,+1.3%,-1.9%,+24.2%,+12.1%,-12.1%
2018-10-09,+1.3%,+2.9%,+1.6%,+4.1%,+2.6%,-1.5%,+25.5%,+12.8%,-12.7%
2018-10-10,+5.3%,+6.8%,+1.4%,+8.6%,+7.1%,-1.5%,+31.7%,+17.0%,-14.6%
2018-10-11,+7.6%,+8.9%,+1.2%,+10.9%,+9.2%,-1.7%,+33.7%,+18.5%,-15.3%
2018-10-12,+6.2%,+8.0%,+1.7%,+10.5%,+9.2%,-1.3%,+31.1%,+17.1%,-13.9%
2018-10-15,+6.6%,+7.4%,+0.8%,+10.9%,+9.1%,-1.8%,+31.7%,+17.7%,-13.9%
2018-10-16,+4.5%,+5.5%,+1.0%,+8.9%,+7.3%,-1.5%,+28.8%,+15.3%,-13.5%
2018-10-17,+4.6%,+5.5%,+0.9%,+8.4%,+7.4%,-0.9%,+26.8%,+14.0%,-12.8%
2018-10-18,+7.1%,+7.8%,+0.8%,+10.7%,+9.6%,-1.1%,+29.2%,+16.1%,-13.1%
2018-10-19,+6.9%,+8.1%,+1.2%,+10.4%,+10.0%,-0.4%,+29.0%,+16.1%,-12.9%
2018-10-22,+7.3%,+8.2%,+0.9%,+11.2%,+11.0%,-0.2%,+30.3%,+18.3%,-12.0%
2018-10-23,+8.3%,+9.5%,+1.2%,+12.0%,+11.8%,-0.2%,+31.4%,+19.7%,-11.7%
2018-10-24,+11.9%,+12.5%,+0.6%,+15.9%,+15.3%,-0.7%,+33.0%,+20.1%,-12.9%
2018-10-25,+10.0%,+11.4%,+1.5%,+14.5%,+14.1%,-0.4%,+30.2%,+17.1%,-13.1%
2018-10-26,+11.1%,+12.1%,+1.0%,+16.5%,+16.1%,-0.4%,+28.0%,+15.3%,-12.6%
2018-10-29,+11.5%,+12.0%,+0.5%,+17.6%,+16.1%,-1.4%,+30.0%,+16.5%,-13.6%
2018-10-31,+9.3%,+9.7%,+0.4%,+15.4%,+14.1%,-1.3%,+26.8%,+15.8%,-11.1%
2019-08-09,+15.9%,+11.9%,-3.9%,+17.4%,+7.2%,-10.2%,+57.1%,+51.9%,-5.3%
2019-08-12,+17.5%,+14.1%,-3.4%,+17.8%,+8.4%,-9.4%,+59.5%,+54.8%,-4.6%
2019-08-13,+16.4%,+13.4%,-3.1%,+17.6%,+7.7%,-10.0%,+57.5%,+52.8%,-4.7%
2019-08-14,+19.9%,+16.8%,-3.0%,+21.0%,+10.6%,-10.5%,+62.6%,+57.6%,-5.0%
2019-08-15,+19.7%,+16.8%,-2.9%,+20.7%,+10.8%,-9.9%,+62.5%,+57.6%,-4.9%
2019-08-16,+17.7%,+14.6%,-3.1%,+19.3%,+9.1%,-10.2%,+59.1%,+53.9%,-5.2%
2019-08-19,+16.8%,+13.7%,-3.1%,+18.2%,+7.3%,-10.9%,+55.5%,+50.6%,-4.9%
2019-08-20,+17.3%,+14.6%,-2.6%,+18.6%,+7.7%,-10.9%,+57.0%,+51.5%,-5.5%
2019-08-21,+15.1%,+12.7%,-2.5%,+18.0%,+6.3%,-11.6%,+56.9%,+51.3%,-5.6%
2019-08-22,+11.3%,+9.2%,-2.2%,+18.4%,+6.1%,-12.4%,+58.4%,+52.4%,-6.0%
2019-08-23,+10.8%,+8.4%,-2.4%,+22.8%,+10.8%,-12.0%,+62.8%,+57.3%,-5.5%
2019-08-26,+9.2%,+6.5%,-2.7%,+21.9%,+9.8%,-12.0%,+61.4%,+56.7%,-4.6%
2019-08-27,+4.7%,+2.6%,-2.1%,+23.6%,+10.3%,-13.3%,+61.0%,+56.5%,-4.5%
2019-08-28,+3.5%,+0.6%,-2.9%,+23.0%,+9.9%,-13.1%,+61.3%,+56.8%,-4.5%
2019-08-29,+6.7%,+3.1%,-3.6%,+22.2%,+9.3%,-12.9%,+60.0%,+54.5%,-5.5%
2019-08-30,+3.6%,+0.5%,-3.2%,+21.8%,+8.4%,-13.5%,+59.8%,+54.4%,-5.4%
2019-09-03,+8.6%,+5.0%,-3.6%,+23.7%,+9.5%,-14.2%,+60.9%,+55.3%,-5.5%
2019-09-04,+3.8%,+0.1%,-3.8%,+24.1%,+10.2%,-13.9%,+59.5%,+54.5%,-5.0%
2019-09-05,+0.8%,-3.4%,-4.2%,+18.3%,+6.1%,-12.2%,+57.5%,+51.8%,-5.7%
2020-01-09,-1.8%,-11.0%,-9.2%,+18.9%,+15.4%,-3.5%,+47.3%,+44.2%,-3.1%
2020-01-10,-2.3%,-11.2%,-8.8%,+18.4%,+15.6%,-2.8%,+47.5%,+43.9%,-3.6%
2020-01-13,-1.8%,-10.3%,-8.5%,+17.7%,+15.8%,-1.8%,+47.9%,+44.4%,-3.5%
2020-01-22,-0.3%,-7.7%,-7.4%,+18.1%,+14.6%,-3.6%,+39.2%,+36.8%,-2.4%
2020-01-24,-1.4%,-7.8%,-6.4%,+19.1%,+14.9%,-4.2%,+38.1%,+36.9%,-1.2%
2020-01-27,+0.9%,-5.9%,-6.8%,+20.9%,+16.3%,-4.6%,+38.6%,+37.8%,-0.8%
2020-01-28,-0.7%,-7.3%,-6.6%,+16.7%,+12.5%,-4.1%,+36.9%,+35.5%,-1.4%
2020-01-29,+0.6%,-5.5%,-6.1%,+17.8%,+13.9%,-3.9%,+36.3%,+35.1%,-1.2%
2020-01-30,-0.1%,-6.4%,-6.3%,+15.0%,+11.6%,-3.4%,+39.2%,+37.2%,-2.1%
2020-01-31,+2.5%,-4.6%,-7.1%,+19.1%,+15.4%,-3.7%,+44.4%,+42.1%,-2.3%
2020-02-03,+2.5%,-5.0%,-7.5%,+19.9%,+16.1%,-3.8%,+44.3%,+42.2%,-2.0%
2020-02-04,+1.3%,-5.9%,-7.2%,+18.2%,+14.8%,-3.5%,+43.5%,+41.1%,-2.4%
2020-02-05,+0.8%,-6.5%,-7.3%,+18.2%,+14.6%,-3.6%,+38.5%,+37.3%,-1.2%
2020-02-06,+1.1%,-6.5%,-7.7%,+18.3%,+15.2%,-3.1%,+38.7%,+37.2%,-1.5%
2020-02-07,+1.8%,-4.8%,-6.6%,+19.7%,+17.5%,-2.3%,+39.0%,+38.4%,-0.5%
2020-02-10,+1.3%,-4.2%,-5.5%,+18.8%,+16.9%,-1.9%,+39.1%,+39.1%,+0.0%
2020-02-11,+0.3%,-4.9%,-5.2%,+18.5%,+16.6%,-1.9%,+40.9%,+40.6%,-0.3%
2020-02-12,+1.0%,-5.0%,-6.1%,+18.0%,+15.8%,-2.1%,+37.5%,+37.4%,-0.0%
2020-02-13,+1.0%,-5.4%,-6.3%,+18.7%,+16.6%,-2.0%,+34.9%,+35.8%,+0.9%
2020-02-14,+0.8%,-5.1%,-5.9%,+18.4%,+16.7%,-1.7%,+34.2%,+34.6%,+0.4%
2020-02-18,+1.4%,-4.8%,-6.2%,+18.7%,+17.0%,-1.7%,+36.8%,+37.1%,+0.4%
2020-02-19,+1.1%,-5.7%,-6.8%,+17.6%,+15.9%,-1.7%,+36.3%,+37.1%,+0.8%
2020-02-20,+1.1%,-6.0%,-7.1%,+17.9%,+16.8%,-1.1%,+33.9%,+34.7%,+0.8%
2020-02-21,+2.5%,-5.6%,-8.1%,+18.2%,+18.1%,-0.1%,+34.4%,+35.4%,+1.0%
2020-02-25,+10.8%,+2.2%,-8.6%,+27.6%,+28.3%,+0.7%,+39.3%,+40.8%,+1.5%
2020-02-26,+11.6%,+3.2%,-8.4%,+25.0%,+26.6%,+1.5%,+41.9%,+43.5%,+1.6%
2020-02-27,+18.0%,+7.5%,-10.6%,+30.2%,+31.2%,+0.9%,+51.9%,+53.8%,+1.9%
2020-02-28,+18.8%,+9.2%,-9.6%,+34.0%,+35.6%,+1.6%,+52.1%,+54.5%,+2.4%
2020-03-02,+14.6%,+6.0%,-8.5%,+27.4%,+29.9%,+2.6%,+43.6%,+46.3%,+2.7%
2020-03-03,+17.5%,+7.8%,-9.7%,+29.4%,+32.6%,+3.2%,+50.6%,+53.2%,+2.7%
2020-03-04,+13.9%,+4.3%,-9.6%,+22.7%,+25.8%,+3.2%,+43.8%,+47.1%,+3.4%
2020-03-05,+19.5%,+10.1%,-9.4%,+29.2%,+33.5%,+4.3%,+47.5%,+51.7%,+4.2%
2020-03-06,+17.3%,+9.8%,-7.5%,+30.7%,+37.2%,+6.4%,+45.6%,+50.6%,+5.0%
2020-03-09,+26.2%,+19.9%,-6.3%,+43.8%,+50.4%,+6.6%,+56.7%,+63.7%,+7.0%
2020-03-10,+16.7%,+12.1%,-4.7%,+37.6%,+45.0%,+7.4%,+53.0%,+59.4%,+6.5%
2020-03-11,+25.1%,+19.8%,-5.3%,+46.1%,+54.3%,+8.1%,+60.1%,+68.2%,+8.1%
2020-03-12,+36.0%,+31.4%,-4.6%,+61.8%,+72.9%,+11.1%,+74.8%,+85.1%,+10.4%
2020-03-13,+25.3%,+22.1%,-3.2%,+49.9%,+61.3%,+11.3%,+59.8%,+70.6%,+10.8%
2020-03-16,+42.6%,+41.1%,-1.5%,+68.1%,+81.6%,+13.5%,+83.4%,+97.1%,+13.7%
2020-03-17,+35.9%,+33.7%,-2.3%,+60.1%,+72.8%,+12.7%,+77.9%,+90.0%,+12.2%
2020-03-18,+42.6%,+43.9%,+1.3%,+66.2%,+83.0%,+16.9%,+89.7%,+105.8%,+16.1%
2020-03-19,+41.1%,+42.9%,+1.8%,+65.5%,+82.2%,+16.7%,+91.4%,+106.6%,+15.2%
2020-03-20,+45.7%,+48.4%,+2.7%,+74.3%,+91.7%,+17.4%,+99.9%,+116.5%,+16.6%
2020-03-23,+47.9%,+50.0%,+2.1%,+77.5%,+95.9%,+18.4%,+107.6%,+126.4%,+18.8%
2020-03-24,+37.0%,+36.2%,-0.8%,+61.9%,+76.8%,+14.9%,+87.9%,+101.6%,+13.7%
2020-03-25,+31.8%,+30.0%,-1.9%,+60.4%,+74.6%,+14.1%,+87.9%,+99.0%,+11.1%
2020-03-26,+24.9%,+23.1%,-1.8%,+54.0%,+68.1%,+14.1%,+78.4%,+89.4%,+11.0%
2020-03-27,+30.8%,+28.6%,-2.2%,+58.7%,+72.4%,+13.7%,+85.2%,+95.8%,+10.7%
2020-03-30,+28.8%,+27.8%,-1.0%,+53.3%,+68.3%,+15.0%,+81.6%,+94.0%,+12.4%
2020-03-31,+30.0%,+29.1%,-0.9%,+56.2%,+71.5%,+15.2%,+83.2%,+96.2%,+13.0%
2020-04-01,+37.2%,+36.5%,-0.7%,+65.4%,+82.1%,+16.8%,+88.9%,+103.5%,+14.6%
2020-04-02,+35.0%,+34.9%,-0.1%,+64.0%,+80.9%,+17.0%,+85.1%,+101.0%,+15.9%
2020-04-03,+35.6%,+37.7%,+2.1%,+66.3%,+84.2%,+17.9%,+89.5%,+104.7%,+15.3%
2020-04-06,+29.4%,+30.3%,+0.9%,+56.0%,+70.6%,+14.6%,+75.3%,+88.3%,+13.0%
2020-04-07,+27.4%,+27.9%,+0.5%,+56.6%,+69.5%,+13.0%,+73.4%,+85.9%,+12.5%
2020-04-08,+25.4%,+25.1%,-0.3%,+52.6%,+63.7%,+11.2%,+68.6%,+79.0%,+10.5%
2020-04-09,+24.6%,+24.0%,-0.6%,+50.3%,+60.3%,+10.0%,+65.6%,+75.4%,+9.8%
2020-04-13,+26.9%,+27.0%,+0.1%,+52.2%,+63.6%,+11.4%,+64.3%,+77.5%,+13.2%
2020-04-14,+25.2%,+24.6%,-0.6%,+47.3%,+59.6%,+12.3%,+59.0%,+72.3%,+13.4%
2020-04-15,+27.1%,+27.5%,+0.4%,+52.1%,+66.2%,+14.1%,+64.3%,+80.1%,+15.8%
2020-04-16,+25.7%,+27.1%,+1.4%,+51.9%,+66.9%,+15.1%,+61.5%,+78.9%,+17.4%
2020-04-17,+22.3%,+23.1%,+0.9%,+47.2%,+60.2%,+13.0%,+57.3%,+72.1%,+14.8%
2020-04-20,+24.4%,+25.6%,+1.2%,+48.7%,+62.3%,+13.6%,+62.7%,+78.8%,+16.1%
2020-04-21,+26.3%,+27.7%,+1.3%,+54.8%,+69.4%,+14.6%,+67.7%,+85.3%,+17.7%
2020-04-22,+24.1%,+26.0%,+1.9%,+50.1%,+65.2%,+15.2%,+61.6%,+79.3%,+17.7%
2020-04-23,+23.8%,+25.5%,+1.6%,+51.7%,+66.9%,+15.2%,+57.1%,+74.2%,+17.1%
2020-04-24,+22.8%,+25.3%,+2.5%,+49.9%,+64.8%,+14.9%,+55.9%,+72.3%,+16.4%
2020-04-27,+21.5%,+22.4%,+0.9%,+47.8%,+60.4%,+12.6%,+49.2%,+63.5%,+14.3%
2020-05-01,+17.7%,+17.4%,-0.3%,+50.3%,+63.7%,+13.4%,+50.9%,+64.5%,+13.6%
2020-05-04,+16.1%,+16.9%,+0.8%,+48.9%,+63.4%,+14.5%,+51.2%,+65.7%,+14.5%
2020-05-05,+16.3%,+19.0%,+2.7%,+47.6%,+63.0%,+15.4%,+54.3%,+69.5%,+15.2%
2020-05-06,+19.2%,+23.3%,+4.0%,+49.8%,+66.2%,+16.4%,+49.9%,+66.8%,+17.0%
2020-05-07,+20.4%,+21.2%,+0.8%,+49.1%,+65.0%,+15.9%,+47.2%,+62.4%,+15.2%
2020-05-11,+20.7%,+21.2%,+0.5%,+43.9%,+60.0%,+16.1%,+40.5%,+54.8%,+14.4%
2020-05-12,+24.7%,+29.8%,+5.1%,+43.7%,+60.7%,+17.0%,+41.0%,+56.9%,+15.9%
2020-05-13,+26.8%,+34.4%,+7.6%,+48.0%,+67.7%,+19.7%,+43.4%,+62.3%,+18.9%
2020-05-14,+26.2%,+32.1%,+5.9%,+48.5%,+67.8%,+19.3%,+45.1%,+63.5%,+18.4%
2020-05-15,+24.4%,+29.8%,+5.4%,+47.5%,+67.3%,+19.8%,+43.9%,+62.6%,+18.8%
2020-07-09,+21.6%,+31.6%,+10.1%,+40.6%,+53.8%,+13.2%,+25.8%,+39.6%,+13.8%
2021-12-01,-6.7%,-0.4%,+6.3%,-8.2%,-0.1%,+8.1%,+4.5%,+2.8%,-1.7%
2023-05-10,+6.7%,-0.5%,-7.2%,+28.0%,+18.8%,-9.2%,+46.2%,+28.4%,-17.9%
2023-05-11,+6.0%,-0.8%,-6.9%,+28.2%,+19.3%,-8.9%,+47.2%,+30.2%,-17.0%
2023-05-12,+7.8%,+0.3%,-7.5%,+29.0%,+19.8%,-9.2%,+48.3%,+31.4%,-16.9%
2023-05-15,+7.4%,-0.4%,-7.7%,+30.1%,+20.1%,-10.1%,+48.0%,+30.7%,-17.3%
2023-05-16,+10.2%,+3.9%,-6.2%,+30.7%,+21.6%,-9.1%,+48.5%,+32.2%,-16.3%
2023-05-17,+9.1%,+3.1%,-6.0%,+29.4%,+20.3%,-9.1%,+44.2%,+27.7%,-16.5%
2023-05-18,+8.2%,+2.0%,-6.2%,+28.3%,+19.2%,-9.1%,+42.9%,+26.3%,-16.6%
2023-05-19,+8.5%,+2.7%,-5.7%,+28.8%,+19.5%,-9.3%,+42.1%,+26.1%,-16.0%
2023-05-22,+9.3%,+3.0%,-6.3%,+28.3%,+18.8%,-9.5%,+45.0%,+28.3%,-16.8%
2023-05-23,+10.3%,+3.9%,-6.4%,+28.9%,+18.4%,-10.4%,+45.8%,+28.6%,-17.3%
2023-05-24,+11.5%,+5.5%,-6.0%,+30.7%,+20.5%,-10.1%,+47.5%,+30.3%,-17.2%
2023-05-25,+10.6%,+5.9%,-4.7%,+29.6%,+19.8%,-9.9%,+46.0%,+30.3%,-15.7%
2023-05-26,+9.0%,+4.8%,-4.2%,+27.1%,+17.4%,-9.7%,+45.0%,+29.3%,-15.6%
2023-05-30,+9.1%,+4.9%,-4.2%,+26.2%,+18.1%,-8.1%,+45.8%,+30.6%,-15.1%
2023-05-31,+9.6%,+6.2%,-3.3%,+28.0%,+20.7%,-7.3%,+46.5%,+31.5%,-15.0%
2023-06-01,+9.0%,+6.3%,-2.6%,+26.9%,+19.2%,-7.7%,+44.4%,+30.2%,-14.3%
2023-06-02,+8.1%,+5.6%,-2.4%,+25.3%,+16.3%,-9.0%,+43.8%,+28.5%,-15.4%
2023-06-05,+7.7%,+6.1%,-1.7%,+27.0%,+17.4%,-9.6%,+44.3%,+28.9%,-15.3%
2023-06-06,+7.4%,+4.4%,-3.0%,+26.7%,+16.4%,-10.3%,+44.8%,+28.7%,-16.0%
2023-06-08,+7.6%,+4.2%,-3.4%,+26.6%,+15.4%,-11.2%,+44.5%,+27.7%,-16.9%
2023-06-09,+7.8%,+4.6%,-3.2%,+26.7%,+15.1%,-11.6%,+42.7%,+26.3%,-16.4%
2023-06-12,+7.3%,+4.9%,-2.4%,+26.6%,+15.0%,-11.6%,+42.7%,+26.6%,-16.1%
2023-06-13,+7.1%,+4.0%,-3.0%,+26.0%,+13.5%,-12.5%,+40.6%,+24.2%,-16.4%
2023-06-14,+8.4%,+6.5%,-1.9%,+26.0%,+13.0%,-12.9%,+40.4%,+24.5%,-15.9%
2023-06-15,+7.4%,+6.7%,-0.7%,+25.4%,+12.6%,-12.8%,+38.4%,+23.3%,-15.1%
2023-06-16,+7.6%,+6.0%,-1.6%,+26.1%,+12.9%,-13.2%,+40.2%,+24.5%,-15.7%
2023-06-20,+8.8%,+7.0%,-1.8%,+26.5%,+14.0%,-12.4%,+42.5%,+26.8%,-15.7%
2023-06-21,+10.0%,+8.1%,-1.9%,+26.9%,+14.3%,-12.6%,+43.3%,+26.0%,-17.3%
2023-06-22,+8.1%,+6.7%,-1.4%,+26.1%,+15.4%,-10.7%,+43.9%,+27.5%,-16.4%
2023-06-23,+9.9%,+9.0%,-1.0%,+27.5%,+15.6%,-12.0%,+45.7%,+29.1%,-16.6%
2024-05-28,+13.5%,+14.5%,+1.0%,+12.7%,+8.8%,-3.8%,+46.9%,+31.7%,-15.1%
2024-05-29,+14.9%,+15.9%,+1.0%,+14.1%,+10.2%,-3.9%,+46.9%,+32.8%,-14.1%
2024-06-04,+15.0%,+14.2%,-0.8%,+14.8%,+10.5%,-4.4%,+42.9%,+31.5%,-11.4%
2024-06-05,+14.4%,+13.6%,-0.8%,+13.6%,+9.8%,-3.8%,+39.0%,+29.0%,-9.9%
2024-06-06,+14.2%,+13.2%,-1.0%,+14.2%,+10.6%,-3.6%,+41.3%,+31.3%,-10.0%
2024-06-07,+14.5%,+13.4%,-1.1%,+14.0%,+10.6%,-3.4%,N/A,N/A,N/A
2024-06-10,+13.6%,+12.7%,-0.9%,+14.1%,+10.6%,-3.6%,N/A,N/A,N/A
2024-06-11,+13.0%,+12.4%,-0.5%,+12.6%,+9.7%,-2.9%,N/A,N/A,N/A
2024-06-12,+12.9%,+11.9%,-1.0%,+12.7%,+10.2%,-2.6%,N/A,N/A,N/A
2024-06-13,+12.1%,+11.9%,-0.3%,+11.6%,+9.4%,-2.1%,N/A,N/A,N/A
2024-06-14,+12.0%,+12.2%,+0.2%,+11.5%,+10.1%,-1.3%,N/A,N/A,N/A
2024-06-17,+11.6%,+11.0%,-0.6%,+10.3%,+9.5%,-0.8%,N/A,N/A,N/A
2024-06-18,+10.9%,+9.9%,-1.0%,+11.1%,+10.2%,-0.9%,N/A,N/A,N/A
2024-06-20,+7.9%,+6.5%,-1.3%,+12.7%,+11.2%,-1.5%,N/A,N/A,N/A
2024-06-21,+8.0%,+6.0%,-1.9%,+12.9%,+10.2%,-2.6%,N/A,N/A,N/A
2024-06-24,+9.6%,+7.0%,-2.6%,+14.1%,+10.5%,-3.6%,N/A,N/A,N/A
2024-06-25,+9.9%,+7.9%,-1.9%,+14.3%,+11.7%,-2.6%,N/A,N/A,N/A
2024-06-26,+10.9%,+9.1%,-1.8%,+14.7%,+12.7%,-2.0%,N/A,N/A,N/A
2024-06-27,+10.8%,+9.2%,-1.6%,+14.5%,+13.8%,-0.6%,N/A,N/A,N/A
2024-06-28,+10.0%,+8.4%,-1.7%,+15.4%,+14.0%,-1.4%,N/A,N/A,N/A
2024-07-01,+8.6%,+8.1%,-0.4%,+16.1%,+15.5%,-0.6%,N/A,N/A,N/A
2024-07-02,+7.4%,+7.9%,+0.4%,+14.5%,+14.1%,-0.4%,N/A,N/A,N/A
2024-07-03,+6.7%,+7.5%,+0.8%,+13.9%,+14.3%,+0.4%,N/A,N/A,N/A
2024-07-05,+7.4%,+8.5%,+1.1%,+13.9%,+14.7%,+0.8%,N/A,N/A,N/A
2024-07-08,+7.9%,+8.2%,+0.3%,+14.1%,+15.1%,+1.0%,N/A,N/A,N/A
2024-07-09,+6.6%,+8.1%,+1.5%,+13.6%,+14.5%,+0.9%,N/A,N/A,N/A
2024-07-10,+5.7%,+7.3%,+1.6%,+12.7%,+13.7%,+1.0%,N/A,N/A,N/A
2024-07-11,+5.0%,+4.5%,-0.5%,+13.2%,+10.8%,-2.4%,N/A,N/A,N/A
2024-07-12,+4.5%,+4.4%,-0.1%,+12.9%,+10.2%,-2.6%,N/A,N/A,N/A
2024-07-15,+4.3%,+5.1%,+0.8%,+13.2%,+11.0%,-2.2%,N/A,N/A,N/A
2024-12-17,+0.2%,+0.3%,+0.1%,+14.3%,+8.9%,-5.4%,N/A,N/A,N/A
2024-12-19,+4.6%,+4.0%,-0.6%,+19.2%,+13.1%,-6.0%,N/A,N/A,N/A
2024-12-23,+4.0%,+3.5%,-0.5%,+17.4%,+11.9%,-5.6%,N/A,N/A,N/A
2024-12-24,+3.4%,+3.2%,-0.1%,+15.7%,+10.8%,-4.9%,N/A,N/A,N/A
2024-12-26,+3.3%,+4.3%,+1.0%,+15.6%,+10.5%,-5.1%,N/A,N/A,N/A
2024-12-27,+4.9%,+5.2%,+0.3%,+16.0%,+10.3%,-5.7%,N/A,N/A,N/A
2025-01-06,+5.7%,+6.4%,+0.6%,+17.2%,+13.4%,-3.7%,N/A,N/A,N/A
2025-07-15,+12.2%,+9.5%,-2.6%,N/A,N/A,N/A,N/A,N/A,N/A
2025-07-16,+11.2%,+9.6%,-1.6%,N/A,N/A,N/A,N/A,N/A,N/A
2025-07-21,+8.4%,+7.7%,-0.7%,N/A,N/A,N/A,N/A,N/A,N/A
2025-07-30,+10.0%,+8.0%,-2.0%,N/A,N/A,N/A,N/A,N/A,N/A
2025-07-31,+10.1%,+8.8%,-1.3%,N/A,N/A,N/A,N/A,N/A,N/A
2025-08-04,+9.9%,+8.9%,-0.9%,N/A,N/A,N/A,N/A,N/A,N/A
2025-08-06,+7.7%,+9.5%,+1.8%,N/A,N/A,N/A,N/A,N/A,N/A
2025-08-07,+9.9%,+11.6%,+1.7%,N/A,N/A,N/A,N/A,N/A,N/A
2025-08-08,+9.5%,+11.5%,+1.9%,N/A,N/A,N/A,N/A,N/A,N/A
2025-08-11,+9.5%,+12.2%,+2.7%,N/A,N/A,N/A,N/A,N/A,N/A
2025-08-12,+8.3%,+11.0%,+2.7%,N/A,N/A,N/A,N/A,N/A,N/A
2025-08-14,+6.3%,+9.8%,+3.5%,N/A,N/A,N/A,N/A,N/A,N/A
2025-08-15,+6.7%,+9.9%,+3.1%,N/A,N/A,N/A,N/A,N/A,N/A
2025-08-18,+7.3%,+10.5%,+3.2%,N/A,N/A,N/A,N/A,N/A,N/A
2025-09-10,+2.7%,+4.1%,+1.4%,N/A,N/A,N/A,N/A,N/A,N/A
2025-09-12,+2.4%,+4.0%,+1.7%,N/A,N/A,N/A,N/A,N/A,N/A
2025-09-15,+2.1%,+4.8%,+2.7%,N/A,N/A,N/A,N/A,N/A,N/A
2025-09-16,+0.8%,+3.7%,+2.9%,N/A,N/A,N/A,N/A,N/A,N/A
2025-09-17,+0.7%,+3.5%,+2.8%,N/A,N/A,N/A,N/A,N/A,N/A
2025-09-18,-1.2%,+1.3%,+2.6%,N/A,N/A,N/A,N/A,N/A,N/A
2025-09-19,-0.7%,+2.6%,+3.3%,N/A,N/A,N/A,N/A,N/A,N/A
2025-09-22,-1.5%,+2.7%,+4.2%,N/A,N/A,N/A,N/A,N/A,N/A
2025-09-23,-0.4%,+3.0%,+3.4%,N/A,N/A,N/A,N/A,N/A,N/A
2025-09-24,-1.9%,+2.3%,+4.2%,N/A,N/A,N/A,N/A,N/A,N/A
2025-09-25,-3.1%,+1.8%,+4.9%,N/A,N/A,N/A,N/A,N/A,N/A
2025-09-26,-4.0%,+0.6%,+4.5%,N/A,N/A,N/A,N/A,N/A,N/A
2025-09-29,-1.5%,+2.3%,+3.7%,N/A,N/A,N/A,N/A,N/A,N/A
2025-09-30,-1.1%,+2.3%,+3.4%,N/A,N/A,N/A,N/A,N/A,N/A
2025-10-01,-1.3%,+2.4%,+3.7%,N/A,N/A,N/A,N/A,N/A,N/A
2025-10-02,-1.0%,+2.6%,+3.6%,N/A,N/A,N/A,N/A,N/A,N/A
2025-10-06,+1.2%,+4.4%,+3.2%,N/A,N/A,N/A,N/A,N/A,N/A
2025-10-07,+2.2%,+4.9%,+2.7%,N/A,N/A,N/A,N/A,N/A,N/A
2025-10-08,+1.5%,+3.8%,+2.3%,N/A,N/A,N/A,N/A,N/A,N/A
2025-10-09,+2.8%,+5.9%,+3.0%,N/A,N/A,N/A,N/A,N/A,N/A
2025-10-10,+7.0%,+8.7%,+1.8%,N/A,N/A,N/A,N/A,N/A,N/A
2025-10-13,+6.2%,+7.7%,+1.6%,N/A,N/A,N/A,N/A,N/A,N/A
2025-10-16,+7.9%,+9.9%,+2.0%,N/A,N/A,N/A,N/A,N/A,N/A
2025-10-17,+6.6%,+8.6%,+2.0%,N/A,N/A,N/A,N/A,N/A,N/A
2025-10-20,+6.5%,+7.5%,+1.0%,N/A,N/A,N/A,N/A,N/A,N/A
2025-10-24,+5.7%,+5.8%,+0.2%,N/A,N/A,N/A,N/A,N/A,N/A
2025-10-27,+4.4%,+5.2%,+0.7%,N/A,N/A,N/A,N/A,N/A,N/A
2025-10-28,+5.2%,+7.7%,+2.5%,N/A,N/A,N/A,N/A,N/A,N/A
2025-10-29,+5.4%,+8.6%,+3.1%,N/A,N/A,N/A,N/A,N/A,N/A
2025-10-30,+6.2%,+8.4%,+2.2%,N/A,N/A,N/A,N/A,N/A,N/A
2025-10-31,+6.7%,+9.0%,+2.3%,N/A,N/A,N/A,N/A,N/A,N/A
2025-11-03,+8.0%,+10.2%,+2.2%,N/A,N/A,N/A,N/A,N/A,N/A
2025-11-04,+9.0%,+10.2%,+1.2%,N/A,N/A,N/A,N/A,N/A,N/A
2025-11-05,+9.5%,+9.9%,+0.4%,N/A,N/A,N/A,N/A,N/A,N/A
2025-11-06,+10.9%,+10.6%,-0.3%,N/A,N/A,N/A,N/A,N/A,N/A
2025-11-07,+10.6%,+9.6%,-1.1%,N/A,N/A,N/A,N/A,N/A,N/A
2025-11-10,+9.6%,+8.5%,-1.1%,N/A,N/A,N/A,N/A,N/A,N/A
2025-11-11,+10.2%,+8.2%,-1.9%,N/A,N/A,N/A,N/A,N/A,N/A
2025-11-12,+8.8%,+6.9%,-1.9%,N/A,N/A,N/A,N/A,N/A,N/A
2025-11-17,+12.0%,+11.2%,-0.8%,N/A,N/A,N/A,N/A,N/A,N/A
2026-05-13,N/A,N/A,N/A,N/A,N/A,N/A,N/A,N/A,N/A
2026-05-14,N/A,N/A,N/A,N/A,N/A,N/A,N/A,N/A,N/A
2026-05-15,N/A,N/A,N/A,N/A,N/A,N/A,N/A,N/A,N/A
